-- phpMyAdmin SQL Dump
-- version 5.1.1
-- https://www.phpmyadmin.net/
--
-- Host: localhost
-- Generation Time: Aug 07, 2022 at 10:49 PM
-- Server version: 10.4.21-MariaDB
-- PHP Version: 7.3.31

SET SQL_MODE = "NO_AUTO_VALUE_ON_ZERO";
START TRANSACTION;
SET time_zone = "+00:00";


/*!40101 SET @OLD_CHARACTER_SET_CLIENT=@@CHARACTER_SET_CLIENT */;
/*!40101 SET @OLD_CHARACTER_SET_RESULTS=@@CHARACTER_SET_RESULTS */;
/*!40101 SET @OLD_COLLATION_CONNECTION=@@COLLATION_CONNECTION */;
/*!40101 SET NAMES utf8mb4 */;

--
-- Database: `t2-paradigmas-ufsm`
--

-- --------------------------------------------------------

--
-- Table structure for table `actives`
--

CREATE TABLE `actives` (
  `id` int(11) NOT NULL,
  `type_id` int(11) NOT NULL,
  `ticker` varchar(255) NOT NULL,
  `company_name` varchar(255) NOT NULL
) ENGINE=InnoDB DEFAULT CHARSET=utf8;

--
-- Dumping data for table `actives`
--

INSERT INTO `actives` (`id`, `type_id`, `ticker`, `company_name`) VALUES
(1, 1, 'VALE3', 'Vale S.A.'),
(2, 1, 'AAPL34', 'Apple Inc.'),
(3, 4, 'HGLG11', 'CSHG Logística'),
(4, 3, 'NASD11', 'XP Investimentos');

-- --------------------------------------------------------

--
-- Table structure for table `actives_prices`
--

CREATE TABLE `actives_prices` (
  `id` int(11) NOT NULL,
  `active_id` int(11) NOT NULL,
  `value` float NOT NULL,
  `date` timestamp NOT NULL DEFAULT current_timestamp() ON UPDATE current_timestamp()
) ENGINE=InnoDB DEFAULT CHARSET=utf8;

--
-- Dumping data for table `actives_prices`
--

INSERT INTO `actives_prices` (`id`, `active_id`, `value`, `date`) VALUES
(3680, 4, 586.47, '2022-08-01 03:00:00'),
(3681, 3, 515.61, '2022-08-01 03:00:00'),
(3682, 2, 880.3, '2022-08-01 03:00:00'),
(3683, 1, 592.91, '2022-08-01 03:00:00'),
(3684, 4, 297.04, '2022-08-02 03:00:00'),
(3685, 3, 223.43, '2022-08-02 03:00:00'),
(3686, 2, 551.08, '2022-08-02 03:00:00'),
(3687, 1, 729, '2022-08-02 03:00:00'),
(3688, 4, 964.37, '2022-08-03 03:00:00'),
(3689, 3, 822.17, '2022-08-03 03:00:00'),
(3690, 2, 406.08, '2022-08-03 03:00:00'),
(3691, 1, 734.58, '2022-08-03 03:00:00'),
(3692, 4, 610.79, '2022-08-04 03:00:00'),
(3693, 3, 790.53, '2022-08-04 03:00:00'),
(3694, 2, 374.41, '2022-08-04 03:00:00'),
(3695, 1, 501.31, '2022-08-04 03:00:00'),
(3696, 4, 844.86, '2022-08-05 03:00:00'),
(3697, 3, 574.89, '2022-08-05 03:00:00'),
(3698, 2, 422.21, '2022-08-05 03:00:00'),
(3699, 1, 225.52, '2022-08-05 03:00:00'),
(3700, 4, 801, '2022-08-06 03:00:00'),
(3701, 3, 313.04, '2022-08-06 03:00:00'),
(3702, 2, 310.4, '2022-08-06 03:00:00'),
(3703, 1, 813.34, '2022-08-06 03:00:00'),
(3704, 4, 768.05, '2022-08-07 03:00:00'),
(3705, 3, 538.95, '2022-08-07 03:00:00'),
(3706, 2, 270.77, '2022-08-07 03:00:00'),
(3707, 1, 987.9, '2022-08-07 03:00:00'),
(3708, 4, 621.49, '2022-08-08 03:00:00'),
(3709, 3, 467.3, '2022-08-08 03:00:00'),
(3710, 2, 7.47, '2022-08-08 03:00:00'),
(3711, 1, 980.34, '2022-08-08 03:00:00'),
(3712, 4, 401.43, '2022-08-09 03:00:00'),
(3713, 3, 149.26, '2022-08-09 03:00:00'),
(3714, 2, 140.02, '2022-08-09 03:00:00'),
(3715, 1, 410.91, '2022-08-09 03:00:00'),
(3716, 4, 172.84, '2022-08-10 03:00:00'),
(3717, 3, 113.12, '2022-08-10 03:00:00'),
(3718, 2, 737.92, '2022-08-10 03:00:00'),
(3719, 1, 45.67, '2022-08-10 03:00:00'),
(3720, 4, 816.98, '2022-08-11 03:00:00'),
(3721, 3, 821.27, '2022-08-11 03:00:00'),
(3722, 2, 963, '2022-08-11 03:00:00'),
(3723, 1, 320.26, '2022-08-11 03:00:00'),
(3724, 4, 437.19, '2022-08-12 03:00:00'),
(3725, 3, 875.4, '2022-08-12 03:00:00'),
(3726, 2, 182.71, '2022-08-12 03:00:00'),
(3727, 1, 102.12, '2022-08-12 03:00:00'),
(3728, 4, 958.23, '2022-08-13 03:00:00'),
(3729, 3, 785.38, '2022-08-13 03:00:00'),
(3730, 2, 866.63, '2022-08-13 03:00:00'),
(3731, 1, 676.51, '2022-08-13 03:00:00'),
(3732, 4, 119.73, '2022-08-14 03:00:00'),
(3733, 3, 504.63, '2022-08-14 03:00:00'),
(3734, 2, 455.3, '2022-08-14 03:00:00'),
(3735, 1, 874.08, '2022-08-14 03:00:00'),
(3736, 4, 11.21, '2022-08-15 03:00:00'),
(3737, 3, 275.44, '2022-08-15 03:00:00'),
(3738, 2, 572.14, '2022-08-15 03:00:00'),
(3739, 1, 942.88, '2022-08-15 03:00:00'),
(3740, 4, 655.57, '2022-08-16 03:00:00'),
(3741, 3, 960.77, '2022-08-16 03:00:00'),
(3742, 2, 457.26, '2022-08-16 03:00:00'),
(3743, 1, 290.11, '2022-08-16 03:00:00'),
(3744, 4, 783.67, '2022-08-17 03:00:00'),
(3745, 3, 992.01, '2022-08-17 03:00:00'),
(3746, 2, 831.85, '2022-08-17 03:00:00'),
(3747, 1, 75.56, '2022-08-17 03:00:00'),
(3748, 4, 69.72, '2022-08-18 03:00:00'),
(3749, 3, 584.88, '2022-08-18 03:00:00'),
(3750, 2, 569.5, '2022-08-18 03:00:00'),
(3751, 1, 379.41, '2022-08-18 03:00:00'),
(3752, 4, 822.08, '2022-08-19 03:00:00'),
(3753, 3, 323.93, '2022-08-19 03:00:00'),
(3754, 2, 796.27, '2022-08-19 03:00:00'),
(3755, 1, 184.37, '2022-08-19 03:00:00'),
(3756, 4, 936.45, '2022-08-20 03:00:00'),
(3757, 3, 436.4, '2022-08-20 03:00:00'),
(3758, 2, 972.1, '2022-08-20 03:00:00'),
(3759, 1, 712.17, '2022-08-20 03:00:00'),
(3760, 4, 724.36, '2022-08-21 03:00:00'),
(3761, 3, 733.02, '2022-08-21 03:00:00'),
(3762, 2, 624.48, '2022-08-21 03:00:00'),
(3763, 1, 526.82, '2022-08-21 03:00:00'),
(3764, 4, 563.01, '2022-08-22 03:00:00'),
(3765, 3, 309.07, '2022-08-22 03:00:00'),
(3766, 2, 975.79, '2022-08-22 03:00:00'),
(3767, 1, 374, '2022-08-22 03:00:00'),
(3768, 4, 24.4, '2022-08-23 03:00:00'),
(3769, 3, 251.78, '2022-08-23 03:00:00'),
(3770, 2, 555.28, '2022-08-23 03:00:00'),
(3771, 1, 112.35, '2022-08-23 03:00:00'),
(3772, 4, 853.9, '2022-08-24 03:00:00'),
(3773, 3, 500.71, '2022-08-24 03:00:00'),
(3774, 2, 233.72, '2022-08-24 03:00:00'),
(3775, 1, 236.75, '2022-08-24 03:00:00'),
(3776, 4, 974.47, '2022-08-25 03:00:00'),
(3777, 3, 734.39, '2022-08-25 03:00:00'),
(3778, 2, 787.53, '2022-08-25 03:00:00'),
(3779, 1, 489.78, '2022-08-25 03:00:00'),
(3780, 4, 834.9, '2022-08-26 03:00:00'),
(3781, 3, 539.29, '2022-08-26 03:00:00'),
(3782, 2, 685.72, '2022-08-26 03:00:00'),
(3783, 1, 404.5, '2022-08-26 03:00:00'),
(3784, 4, 43.82, '2022-08-27 03:00:00'),
(3785, 3, 478.98, '2022-08-27 03:00:00'),
(3786, 2, 367.64, '2022-08-27 03:00:00'),
(3787, 1, 655.6, '2022-08-27 03:00:00'),
(3788, 4, 384.23, '2022-08-28 03:00:00'),
(3789, 3, 206.71, '2022-08-28 03:00:00'),
(3790, 2, 451.66, '2022-08-28 03:00:00'),
(3791, 1, 451.87, '2022-08-28 03:00:00'),
(3792, 4, 955.75, '2022-08-29 03:00:00'),
(3793, 3, 267.99, '2022-08-29 03:00:00'),
(3794, 2, 366.29, '2022-08-29 03:00:00'),
(3795, 1, 396.92, '2022-08-29 03:00:00'),
(3796, 4, 340.84, '2022-08-30 03:00:00'),
(3797, 3, 460.29, '2022-08-30 03:00:00'),
(3798, 2, 294.24, '2022-08-30 03:00:00'),
(3799, 1, 877.62, '2022-08-30 03:00:00'),
(3800, 4, 903.06, '2022-08-31 03:00:00'),
(3801, 3, 438.76, '2022-08-31 03:00:00'),
(3802, 2, 427.29, '2022-08-31 03:00:00'),
(3803, 1, 242.47, '2022-08-31 03:00:00'),
(3804, 4, 388.59, '2022-09-01 03:00:00'),
(3805, 3, 943.35, '2022-09-01 03:00:00'),
(3806, 2, 731.36, '2022-09-01 03:00:00'),
(3807, 1, 419.01, '2022-09-01 03:00:00'),
(3808, 4, 349.79, '2022-09-02 03:00:00'),
(3809, 3, 677.08, '2022-09-02 03:00:00'),
(3810, 2, 909.78, '2022-09-02 03:00:00'),
(3811, 1, 765.97, '2022-09-02 03:00:00'),
(3812, 4, 906.45, '2022-09-03 03:00:00'),
(3813, 3, 557.51, '2022-09-03 03:00:00'),
(3814, 2, 127.44, '2022-09-03 03:00:00'),
(3815, 1, 459.6, '2022-09-03 03:00:00'),
(3816, 4, 826.37, '2022-09-04 03:00:00'),
(3817, 3, 495.86, '2022-09-04 03:00:00'),
(3818, 2, 938.87, '2022-09-04 03:00:00'),
(3819, 1, 289.22, '2022-09-04 03:00:00'),
(3820, 4, 392.65, '2022-09-05 03:00:00'),
(3821, 3, 468.49, '2022-09-05 03:00:00'),
(3822, 2, 617.63, '2022-09-05 03:00:00'),
(3823, 1, 899.37, '2022-09-05 03:00:00'),
(3824, 4, 359.1, '2022-09-06 03:00:00'),
(3825, 3, 808.87, '2022-09-06 03:00:00'),
(3826, 2, 582.39, '2022-09-06 03:00:00'),
(3827, 1, 969.86, '2022-09-06 03:00:00'),
(3828, 4, 831.37, '2022-09-07 03:00:00'),
(3829, 3, 337.95, '2022-09-07 03:00:00'),
(3830, 2, 837.43, '2022-09-07 03:00:00'),
(3831, 1, 226.04, '2022-09-07 03:00:00'),
(3832, 4, 461.38, '2022-09-08 03:00:00'),
(3833, 3, 491.4, '2022-09-08 03:00:00'),
(3834, 2, 431.05, '2022-09-08 03:00:00'),
(3835, 1, 951.1, '2022-09-08 03:00:00'),
(3836, 4, 999.26, '2022-09-09 03:00:00'),
(3837, 3, 991.07, '2022-09-09 03:00:00'),
(3838, 2, 723.03, '2022-09-09 03:00:00'),
(3839, 1, 113.4, '2022-09-09 03:00:00'),
(3840, 4, 489.53, '2022-09-10 03:00:00'),
(3841, 3, 34.78, '2022-09-10 03:00:00'),
(3842, 2, 73.67, '2022-09-10 03:00:00'),
(3843, 1, 995.46, '2022-09-10 03:00:00'),
(3844, 4, 109.66, '2022-09-11 03:00:00'),
(3845, 3, 208.94, '2022-09-11 03:00:00'),
(3846, 2, 274.7, '2022-09-11 03:00:00'),
(3847, 1, 160.59, '2022-09-11 03:00:00'),
(3848, 4, 875.76, '2022-09-12 03:00:00'),
(3849, 3, 28.27, '2022-09-12 03:00:00'),
(3850, 2, 645.14, '2022-09-12 03:00:00'),
(3851, 1, 426.63, '2022-09-12 03:00:00'),
(3852, 4, 396.89, '2022-09-13 03:00:00'),
(3853, 3, 127.34, '2022-09-13 03:00:00'),
(3854, 2, 777.6, '2022-09-13 03:00:00'),
(3855, 1, 967.96, '2022-09-13 03:00:00'),
(3856, 4, 964.29, '2022-09-14 03:00:00'),
(3857, 3, 30.36, '2022-09-14 03:00:00'),
(3858, 2, 972.08, '2022-09-14 03:00:00'),
(3859, 1, 955.13, '2022-09-14 03:00:00'),
(3860, 4, 992.82, '2022-09-15 03:00:00'),
(3861, 3, 897.85, '2022-09-15 03:00:00'),
(3862, 2, 578.64, '2022-09-15 03:00:00'),
(3863, 1, 686.02, '2022-09-15 03:00:00'),
(3864, 4, 35.98, '2022-09-16 03:00:00'),
(3865, 3, 711.12, '2022-09-16 03:00:00'),
(3866, 2, 872.83, '2022-09-16 03:00:00'),
(3867, 1, 750.01, '2022-09-16 03:00:00'),
(3868, 4, 237.74, '2022-09-17 03:00:00'),
(3869, 3, 728.05, '2022-09-17 03:00:00'),
(3870, 2, 145.29, '2022-09-17 03:00:00'),
(3871, 1, 360.99, '2022-09-17 03:00:00'),
(3872, 4, 151.65, '2022-09-18 03:00:00'),
(3873, 3, 85.53, '2022-09-18 03:00:00'),
(3874, 2, 239.43, '2022-09-18 03:00:00'),
(3875, 1, 686.19, '2022-09-18 03:00:00'),
(3876, 4, 788.36, '2022-09-19 03:00:00'),
(3877, 3, 399.07, '2022-09-19 03:00:00'),
(3878, 2, 975.42, '2022-09-19 03:00:00'),
(3879, 1, 346.49, '2022-09-19 03:00:00'),
(3880, 4, 584.55, '2022-09-20 03:00:00'),
(3881, 3, 206.87, '2022-09-20 03:00:00'),
(3882, 2, 166.84, '2022-09-20 03:00:00'),
(3883, 1, 456.16, '2022-09-20 03:00:00'),
(3884, 4, 200.46, '2022-09-21 03:00:00'),
(3885, 3, 149.38, '2022-09-21 03:00:00'),
(3886, 2, 126.6, '2022-09-21 03:00:00'),
(3887, 1, 901.45, '2022-09-21 03:00:00'),
(3888, 4, 668.17, '2022-09-22 03:00:00'),
(3889, 3, 588.01, '2022-09-22 03:00:00'),
(3890, 2, 36.81, '2022-09-22 03:00:00'),
(3891, 1, 787.54, '2022-09-22 03:00:00'),
(3892, 4, 75.74, '2022-09-23 03:00:00'),
(3893, 3, 793.44, '2022-09-23 03:00:00'),
(3894, 2, 513.57, '2022-09-23 03:00:00'),
(3895, 1, 799.98, '2022-09-23 03:00:00'),
(3896, 4, 870.72, '2022-09-24 03:00:00'),
(3897, 3, 248.59, '2022-09-24 03:00:00'),
(3898, 2, 536.82, '2022-09-24 03:00:00'),
(3899, 1, 732.22, '2022-09-24 03:00:00'),
(3900, 4, 517.91, '2022-09-25 03:00:00'),
(3901, 3, 784.11, '2022-09-25 03:00:00'),
(3902, 2, 239.89, '2022-09-25 03:00:00'),
(3903, 1, 707.11, '2022-09-25 03:00:00'),
(3904, 4, 533.91, '2022-09-26 03:00:00'),
(3905, 3, 45.75, '2022-09-26 03:00:00'),
(3906, 2, 631.06, '2022-09-26 03:00:00'),
(3907, 1, 891.79, '2022-09-26 03:00:00'),
(3908, 4, 598.04, '2022-09-27 03:00:00'),
(3909, 3, 675.32, '2022-09-27 03:00:00'),
(3910, 2, 470.19, '2022-09-27 03:00:00'),
(3911, 1, 933.45, '2022-09-27 03:00:00'),
(3912, 4, 776.91, '2022-09-28 03:00:00'),
(3913, 3, 8.8, '2022-09-28 03:00:00'),
(3914, 2, 443.56, '2022-09-28 03:00:00'),
(3915, 1, 3.47, '2022-09-28 03:00:00'),
(3916, 4, 258.81, '2022-09-29 03:00:00'),
(3917, 3, 260.4, '2022-09-29 03:00:00'),
(3918, 2, 546.53, '2022-09-29 03:00:00'),
(3919, 1, 100.89, '2022-09-29 03:00:00'),
(3920, 4, 824.27, '2022-09-30 03:00:00'),
(3921, 3, 444.22, '2022-09-30 03:00:00'),
(3922, 2, 539.62, '2022-09-30 03:00:00'),
(3923, 1, 692.37, '2022-09-30 03:00:00'),
(3924, 4, 856.94, '2022-10-01 03:00:00'),
(3925, 3, 282.23, '2022-10-01 03:00:00'),
(3926, 2, 18.04, '2022-10-01 03:00:00'),
(3927, 1, 260.78, '2022-10-01 03:00:00'),
(3928, 4, 31.54, '2022-10-02 03:00:00'),
(3929, 3, 399.75, '2022-10-02 03:00:00'),
(3930, 2, 651.23, '2022-10-02 03:00:00'),
(3931, 1, 441.58, '2022-10-02 03:00:00'),
(3932, 4, 482.66, '2022-10-03 03:00:00'),
(3933, 3, 530.14, '2022-10-03 03:00:00'),
(3934, 2, 818.95, '2022-10-03 03:00:00'),
(3935, 1, 339.76, '2022-10-03 03:00:00'),
(3936, 4, 440.55, '2022-10-04 03:00:00'),
(3937, 3, 532.07, '2022-10-04 03:00:00'),
(3938, 2, 786.04, '2022-10-04 03:00:00'),
(3939, 1, 248.68, '2022-10-04 03:00:00'),
(3940, 4, 93.72, '2022-10-05 03:00:00'),
(3941, 3, 880.48, '2022-10-05 03:00:00'),
(3942, 2, 186.19, '2022-10-05 03:00:00'),
(3943, 1, 925.58, '2022-10-05 03:00:00'),
(3944, 4, 680.97, '2022-10-06 03:00:00'),
(3945, 3, 93.45, '2022-10-06 03:00:00'),
(3946, 2, 132.66, '2022-10-06 03:00:00'),
(3947, 1, 475.34, '2022-10-06 03:00:00'),
(3948, 4, 712.39, '2022-10-07 03:00:00'),
(3949, 3, 912.26, '2022-10-07 03:00:00'),
(3950, 2, 982.11, '2022-10-07 03:00:00'),
(3951, 1, 61.61, '2022-10-07 03:00:00'),
(3952, 4, 942.24, '2022-10-08 03:00:00'),
(3953, 3, 225.56, '2022-10-08 03:00:00'),
(3954, 2, 231.7, '2022-10-08 03:00:00'),
(3955, 1, 56.52, '2022-10-08 03:00:00'),
(3956, 4, 861.35, '2022-10-09 03:00:00'),
(3957, 3, 241.14, '2022-10-09 03:00:00'),
(3958, 2, 431.49, '2022-10-09 03:00:00'),
(3959, 1, 53.89, '2022-10-09 03:00:00'),
(3960, 4, 432.51, '2022-10-10 03:00:00'),
(3961, 3, 875.26, '2022-10-10 03:00:00'),
(3962, 2, 970.41, '2022-10-10 03:00:00'),
(3963, 1, 416.27, '2022-10-10 03:00:00'),
(3964, 4, 393.43, '2022-10-11 03:00:00'),
(3965, 3, 193.03, '2022-10-11 03:00:00'),
(3966, 2, 552.51, '2022-10-11 03:00:00'),
(3967, 1, 798.1, '2022-10-11 03:00:00'),
(3968, 4, 81.08, '2022-10-12 03:00:00'),
(3969, 3, 582.23, '2022-10-12 03:00:00'),
(3970, 2, 232.44, '2022-10-12 03:00:00'),
(3971, 1, 801.04, '2022-10-12 03:00:00'),
(3972, 4, 38.45, '2022-10-13 03:00:00'),
(3973, 3, 461.61, '2022-10-13 03:00:00'),
(3974, 2, 485.84, '2022-10-13 03:00:00'),
(3975, 1, 421.07, '2022-10-13 03:00:00'),
(3976, 4, 367.82, '2022-10-14 03:00:00'),
(3977, 3, 481.53, '2022-10-14 03:00:00'),
(3978, 2, 785.74, '2022-10-14 03:00:00'),
(3979, 1, 893.32, '2022-10-14 03:00:00'),
(3980, 4, 920.17, '2022-10-15 03:00:00'),
(3981, 3, 75.96, '2022-10-15 03:00:00'),
(3982, 2, 581.53, '2022-10-15 03:00:00'),
(3983, 1, 79.15, '2022-10-15 03:00:00'),
(3984, 4, 329.11, '2022-10-16 03:00:00'),
(3985, 3, 596.91, '2022-10-16 03:00:00'),
(3986, 2, 992.29, '2022-10-16 03:00:00'),
(3987, 1, 417.32, '2022-10-16 03:00:00'),
(3988, 4, 416.88, '2022-10-17 03:00:00'),
(3989, 3, 31.46, '2022-10-17 03:00:00'),
(3990, 2, 226.87, '2022-10-17 03:00:00'),
(3991, 1, 136.05, '2022-10-17 03:00:00'),
(3992, 4, 329.38, '2022-10-18 03:00:00'),
(3993, 3, 230.15, '2022-10-18 03:00:00'),
(3994, 2, 938.71, '2022-10-18 03:00:00'),
(3995, 1, 660.93, '2022-10-18 03:00:00'),
(3996, 4, 67.81, '2022-10-19 03:00:00'),
(3997, 3, 956.65, '2022-10-19 03:00:00'),
(3998, 2, 433.2, '2022-10-19 03:00:00'),
(3999, 1, 554.03, '2022-10-19 03:00:00'),
(4000, 4, 757.25, '2022-10-20 03:00:00'),
(4001, 3, 306.57, '2022-10-20 03:00:00'),
(4002, 2, 266.31, '2022-10-20 03:00:00'),
(4003, 1, 604.21, '2022-10-20 03:00:00'),
(4004, 4, 471.05, '2022-10-21 03:00:00'),
(4005, 3, 987.91, '2022-10-21 03:00:00'),
(4006, 2, 184.13, '2022-10-21 03:00:00'),
(4007, 1, 57.5, '2022-10-21 03:00:00'),
(4008, 4, 539.19, '2022-10-22 03:00:00'),
(4009, 3, 523.53, '2022-10-22 03:00:00'),
(4010, 2, 631.89, '2022-10-22 03:00:00'),
(4011, 1, 550.65, '2022-10-22 03:00:00'),
(4012, 4, 659.5, '2022-10-23 03:00:00'),
(4013, 3, 343.78, '2022-10-23 03:00:00'),
(4014, 2, 965.39, '2022-10-23 03:00:00'),
(4015, 1, 493.06, '2022-10-23 03:00:00'),
(4016, 4, 470.76, '2022-10-24 03:00:00'),
(4017, 3, 18.35, '2022-10-24 03:00:00'),
(4018, 2, 352.67, '2022-10-24 03:00:00'),
(4019, 1, 497.69, '2022-10-24 03:00:00'),
(4020, 4, 120.67, '2022-10-25 03:00:00'),
(4021, 3, 318.69, '2022-10-25 03:00:00'),
(4022, 2, 358.58, '2022-10-25 03:00:00'),
(4023, 1, 507.71, '2022-10-25 03:00:00'),
(4024, 4, 519.67, '2022-10-26 03:00:00'),
(4025, 3, 831.47, '2022-10-26 03:00:00'),
(4026, 2, 712.46, '2022-10-26 03:00:00'),
(4027, 1, 439.73, '2022-10-26 03:00:00'),
(4028, 4, 210.55, '2022-10-27 03:00:00'),
(4029, 3, 501.06, '2022-10-27 03:00:00'),
(4030, 2, 691.33, '2022-10-27 03:00:00'),
(4031, 1, 352.22, '2022-10-27 03:00:00'),
(4032, 4, 549.6, '2022-10-28 03:00:00'),
(4033, 3, 643.92, '2022-10-28 03:00:00'),
(4034, 2, 199.6, '2022-10-28 03:00:00'),
(4035, 1, 507.18, '2022-10-28 03:00:00'),
(4036, 4, 564.08, '2022-10-29 03:00:00'),
(4037, 3, 823.86, '2022-10-29 03:00:00'),
(4038, 2, 398.89, '2022-10-29 03:00:00'),
(4039, 1, 43.65, '2022-10-29 03:00:00'),
(4040, 4, 486.96, '2022-10-30 03:00:00'),
(4041, 3, 895.16, '2022-10-30 03:00:00'),
(4042, 2, 386.17, '2022-10-30 03:00:00'),
(4043, 1, 600.28, '2022-10-30 03:00:00'),
(4044, 4, 457.79, '2022-10-31 03:00:00'),
(4045, 3, 450.22, '2022-10-31 03:00:00'),
(4046, 2, 429.75, '2022-10-31 03:00:00'),
(4047, 1, 26.87, '2022-10-31 03:00:00'),
(4048, 4, 945.48, '2022-11-01 03:00:00'),
(4049, 3, 858.29, '2022-11-01 03:00:00'),
(4050, 2, 914.03, '2022-11-01 03:00:00'),
(4051, 1, 718.51, '2022-11-01 03:00:00'),
(4052, 4, 86.58, '2022-11-02 03:00:00'),
(4053, 3, 60.53, '2022-11-02 03:00:00'),
(4054, 2, 563.16, '2022-11-02 03:00:00'),
(4055, 1, 459.95, '2022-11-02 03:00:00'),
(4056, 4, 820.71, '2022-11-03 03:00:00'),
(4057, 3, 501.91, '2022-11-03 03:00:00'),
(4058, 2, 466.27, '2022-11-03 03:00:00'),
(4059, 1, 173.54, '2022-11-03 03:00:00'),
(4060, 4, 103.21, '2022-11-04 03:00:00'),
(4061, 3, 473.48, '2022-11-04 03:00:00'),
(4062, 2, 547.1, '2022-11-04 03:00:00'),
(4063, 1, 894.84, '2022-11-04 03:00:00'),
(4064, 4, 891.71, '2022-11-05 03:00:00'),
(4065, 3, 889.67, '2022-11-05 03:00:00'),
(4066, 2, 817.89, '2022-11-05 03:00:00'),
(4067, 1, 309.35, '2022-11-05 03:00:00'),
(4068, 4, 876.81, '2022-11-06 03:00:00'),
(4069, 3, 287.61, '2022-11-06 03:00:00'),
(4070, 2, 207.07, '2022-11-06 03:00:00'),
(4071, 1, 775.03, '2022-11-06 03:00:00'),
(4072, 4, 892.9, '2022-11-07 03:00:00'),
(4073, 3, 699.13, '2022-11-07 03:00:00'),
(4074, 2, 850.21, '2022-11-07 03:00:00'),
(4075, 1, 328.5, '2022-11-07 03:00:00'),
(4076, 4, 433.27, '2022-11-08 03:00:00'),
(4077, 3, 666.84, '2022-11-08 03:00:00'),
(4078, 2, 369.95, '2022-11-08 03:00:00'),
(4079, 1, 731.74, '2022-11-08 03:00:00'),
(4080, 4, 782.79, '2022-11-09 03:00:00'),
(4081, 3, 44.16, '2022-11-09 03:00:00'),
(4082, 2, 741.36, '2022-11-09 03:00:00'),
(4083, 1, 28.24, '2022-11-09 03:00:00'),
(4084, 4, 539.16, '2022-11-10 03:00:00'),
(4085, 3, 841.97, '2022-11-10 03:00:00'),
(4086, 2, 95.34, '2022-11-10 03:00:00'),
(4087, 1, 14.34, '2022-11-10 03:00:00'),
(4088, 4, 572.2, '2022-11-11 03:00:00'),
(4089, 3, 203.44, '2022-11-11 03:00:00'),
(4090, 2, 961.47, '2022-11-11 03:00:00'),
(4091, 1, 863.71, '2022-11-11 03:00:00'),
(4092, 4, 585.91, '2022-11-12 03:00:00'),
(4093, 3, 37.26, '2022-11-12 03:00:00'),
(4094, 2, 883.11, '2022-11-12 03:00:00'),
(4095, 1, 250.81, '2022-11-12 03:00:00'),
(4096, 4, 562.32, '2022-11-13 03:00:00'),
(4097, 3, 885.82, '2022-11-13 03:00:00'),
(4098, 2, 898.7, '2022-11-13 03:00:00'),
(4099, 1, 437.88, '2022-11-13 03:00:00'),
(4100, 4, 105.32, '2022-11-14 03:00:00'),
(4101, 3, 958.97, '2022-11-14 03:00:00'),
(4102, 2, 658.12, '2022-11-14 03:00:00'),
(4103, 1, 996.2, '2022-11-14 03:00:00'),
(4104, 4, 119.3, '2022-11-15 03:00:00'),
(4105, 3, 602.64, '2022-11-15 03:00:00'),
(4106, 2, 832.48, '2022-11-15 03:00:00'),
(4107, 1, 924.21, '2022-11-15 03:00:00'),
(4108, 4, 706.68, '2022-11-16 03:00:00'),
(4109, 3, 240.45, '2022-11-16 03:00:00'),
(4110, 2, 675.71, '2022-11-16 03:00:00'),
(4111, 1, 859.41, '2022-11-16 03:00:00'),
(4112, 4, 280.93, '2022-11-17 03:00:00'),
(4113, 3, 620.79, '2022-11-17 03:00:00'),
(4114, 2, 829.55, '2022-11-17 03:00:00'),
(4115, 1, 249.3, '2022-11-17 03:00:00'),
(4116, 4, 24.57, '2022-11-18 03:00:00'),
(4117, 3, 426.8, '2022-11-18 03:00:00'),
(4118, 2, 813.64, '2022-11-18 03:00:00'),
(4119, 1, 594.88, '2022-11-18 03:00:00'),
(4120, 4, 144.1, '2022-11-19 03:00:00'),
(4121, 3, 158.29, '2022-11-19 03:00:00'),
(4122, 2, 477.15, '2022-11-19 03:00:00'),
(4123, 1, 17.73, '2022-11-19 03:00:00'),
(4124, 4, 675.95, '2022-11-20 03:00:00'),
(4125, 3, 455.62, '2022-11-20 03:00:00'),
(4126, 2, 964.4, '2022-11-20 03:00:00'),
(4127, 1, 824.67, '2022-11-20 03:00:00'),
(4128, 4, 112.14, '2022-11-21 03:00:00'),
(4129, 3, 362.92, '2022-11-21 03:00:00'),
(4130, 2, 811.16, '2022-11-21 03:00:00'),
(4131, 1, 90.62, '2022-11-21 03:00:00'),
(4132, 4, 899.98, '2022-11-22 03:00:00'),
(4133, 3, 889.23, '2022-11-22 03:00:00'),
(4134, 2, 284.22, '2022-11-22 03:00:00'),
(4135, 1, 955.25, '2022-11-22 03:00:00'),
(4136, 4, 547.43, '2022-11-23 03:00:00'),
(4137, 3, 358.9, '2022-11-23 03:00:00'),
(4138, 2, 558.89, '2022-11-23 03:00:00'),
(4139, 1, 925.92, '2022-11-23 03:00:00'),
(4140, 4, 164.28, '2022-11-24 03:00:00'),
(4141, 3, 628.49, '2022-11-24 03:00:00'),
(4142, 2, 43.23, '2022-11-24 03:00:00'),
(4143, 1, 594.52, '2022-11-24 03:00:00'),
(4144, 4, 30.32, '2022-11-25 03:00:00'),
(4145, 3, 585.06, '2022-11-25 03:00:00'),
(4146, 2, 865.47, '2022-11-25 03:00:00'),
(4147, 1, 920.26, '2022-11-25 03:00:00'),
(4148, 4, 624.59, '2022-11-26 03:00:00'),
(4149, 3, 303.89, '2022-11-26 03:00:00'),
(4150, 2, 266.61, '2022-11-26 03:00:00'),
(4151, 1, 630.98, '2022-11-26 03:00:00'),
(4152, 4, 806.82, '2022-11-27 03:00:00'),
(4153, 3, 999.9, '2022-11-27 03:00:00'),
(4154, 2, 254.98, '2022-11-27 03:00:00'),
(4155, 1, 815.17, '2022-11-27 03:00:00'),
(4156, 4, 772.45, '2022-11-28 03:00:00'),
(4157, 3, 724.64, '2022-11-28 03:00:00'),
(4158, 2, 287.35, '2022-11-28 03:00:00'),
(4159, 1, 886.34, '2022-11-28 03:00:00'),
(4160, 4, 181.23, '2022-11-29 03:00:00'),
(4161, 3, 755.29, '2022-11-29 03:00:00'),
(4162, 2, 216.02, '2022-11-29 03:00:00'),
(4163, 1, 680.63, '2022-11-29 03:00:00'),
(4164, 4, 612.19, '2022-11-30 03:00:00'),
(4165, 3, 311.63, '2022-11-30 03:00:00'),
(4166, 2, 141.01, '2022-11-30 03:00:00'),
(4167, 1, 217.59, '2022-11-30 03:00:00'),
(4168, 4, 503.77, '2022-12-01 03:00:00'),
(4169, 3, 968.77, '2022-12-01 03:00:00'),
(4170, 2, 401.25, '2022-12-01 03:00:00'),
(4171, 1, 476.95, '2022-12-01 03:00:00'),
(4172, 4, 743.84, '2022-12-02 03:00:00'),
(4173, 3, 312.04, '2022-12-02 03:00:00'),
(4174, 2, 552.81, '2022-12-02 03:00:00'),
(4175, 1, 539.92, '2022-12-02 03:00:00'),
(4176, 4, 169.08, '2022-12-03 03:00:00'),
(4177, 3, 565.82, '2022-12-03 03:00:00'),
(4178, 2, 402.93, '2022-12-03 03:00:00'),
(4179, 1, 601.61, '2022-12-03 03:00:00'),
(4180, 4, 781.26, '2022-12-04 03:00:00'),
(4181, 3, 338.25, '2022-12-04 03:00:00'),
(4182, 2, 32.3, '2022-12-04 03:00:00'),
(4183, 1, 837.15, '2022-12-04 03:00:00'),
(4184, 4, 622.54, '2022-12-05 03:00:00'),
(4185, 3, 187.94, '2022-12-05 03:00:00'),
(4186, 2, 500.58, '2022-12-05 03:00:00'),
(4187, 1, 594.29, '2022-12-05 03:00:00'),
(4188, 4, 360.3, '2022-12-06 03:00:00'),
(4189, 3, 530.5, '2022-12-06 03:00:00'),
(4190, 2, 953.78, '2022-12-06 03:00:00'),
(4191, 1, 562.45, '2022-12-06 03:00:00'),
(4192, 4, 675.57, '2022-12-07 03:00:00'),
(4193, 3, 713.92, '2022-12-07 03:00:00'),
(4194, 2, 288.4, '2022-12-07 03:00:00'),
(4195, 1, 968.84, '2022-12-07 03:00:00'),
(4196, 4, 823.14, '2022-12-08 03:00:00'),
(4197, 3, 832.85, '2022-12-08 03:00:00'),
(4198, 2, 386.41, '2022-12-08 03:00:00'),
(4199, 1, 190.96, '2022-12-08 03:00:00'),
(4200, 4, 383.19, '2022-12-09 03:00:00'),
(4201, 3, 872.34, '2022-12-09 03:00:00'),
(4202, 2, 652.92, '2022-12-09 03:00:00'),
(4203, 1, 168.73, '2022-12-09 03:00:00'),
(4204, 4, 195.63, '2022-12-10 03:00:00'),
(4205, 3, 161.32, '2022-12-10 03:00:00'),
(4206, 2, 858.77, '2022-12-10 03:00:00'),
(4207, 1, 277.88, '2022-12-10 03:00:00'),
(4208, 4, 867.3, '2022-12-11 03:00:00'),
(4209, 3, 296.67, '2022-12-11 03:00:00'),
(4210, 2, 45.73, '2022-12-11 03:00:00'),
(4211, 1, 776.04, '2022-12-11 03:00:00'),
(4212, 4, 346.71, '2022-12-12 03:00:00'),
(4213, 3, 159.52, '2022-12-12 03:00:00'),
(4214, 2, 689.11, '2022-12-12 03:00:00'),
(4215, 1, 354.27, '2022-12-12 03:00:00'),
(4216, 4, 905.39, '2022-12-13 03:00:00'),
(4217, 3, 319.59, '2022-12-13 03:00:00'),
(4218, 2, 372.93, '2022-12-13 03:00:00'),
(4219, 1, 286.62, '2022-12-13 03:00:00'),
(4220, 4, 539.8, '2022-12-14 03:00:00'),
(4221, 3, 960.5, '2022-12-14 03:00:00'),
(4222, 2, 270.99, '2022-12-14 03:00:00'),
(4223, 1, 661.91, '2022-12-14 03:00:00'),
(4224, 4, 502.29, '2022-12-15 03:00:00'),
(4225, 3, 62.54, '2022-12-15 03:00:00'),
(4226, 2, 228.36, '2022-12-15 03:00:00'),
(4227, 1, 587.85, '2022-12-15 03:00:00'),
(4228, 4, 48.04, '2022-12-16 03:00:00'),
(4229, 3, 639.56, '2022-12-16 03:00:00'),
(4230, 2, 539.91, '2022-12-16 03:00:00'),
(4231, 1, 405.9, '2022-12-16 03:00:00'),
(4232, 4, 950.31, '2022-12-17 03:00:00'),
(4233, 3, 190.49, '2022-12-17 03:00:00'),
(4234, 2, 116.2, '2022-12-17 03:00:00'),
(4235, 1, 106.42, '2022-12-17 03:00:00'),
(4236, 4, 941.07, '2022-12-18 03:00:00'),
(4237, 3, 114.37, '2022-12-18 03:00:00'),
(4238, 2, 584.55, '2022-12-18 03:00:00'),
(4239, 1, 265.38, '2022-12-18 03:00:00'),
(4240, 4, 987.8, '2022-12-19 03:00:00'),
(4241, 3, 155.48, '2022-12-19 03:00:00'),
(4242, 2, 484.54, '2022-12-19 03:00:00'),
(4243, 1, 646.1, '2022-12-19 03:00:00'),
(4244, 4, 482.2, '2022-12-20 03:00:00'),
(4245, 3, 524.11, '2022-12-20 03:00:00'),
(4246, 2, 957.7, '2022-12-20 03:00:00'),
(4247, 1, 533.6, '2022-12-20 03:00:00'),
(4248, 4, 987.34, '2022-12-21 03:00:00'),
(4249, 3, 986.42, '2022-12-21 03:00:00'),
(4250, 2, 114.85, '2022-12-21 03:00:00'),
(4251, 1, 741.4, '2022-12-21 03:00:00'),
(4252, 4, 778.62, '2022-12-22 03:00:00'),
(4253, 3, 969.2, '2022-12-22 03:00:00'),
(4254, 2, 947.41, '2022-12-22 03:00:00'),
(4255, 1, 731.99, '2022-12-22 03:00:00'),
(4256, 4, 34.7, '2022-12-23 03:00:00'),
(4257, 3, 751.76, '2022-12-23 03:00:00'),
(4258, 2, 962.36, '2022-12-23 03:00:00'),
(4259, 1, 254.78, '2022-12-23 03:00:00'),
(4260, 4, 666.83, '2022-12-24 03:00:00'),
(4261, 3, 364.32, '2022-12-24 03:00:00'),
(4262, 2, 360.11, '2022-12-24 03:00:00'),
(4263, 1, 639.42, '2022-12-24 03:00:00'),
(4264, 4, 339.19, '2022-12-25 03:00:00'),
(4265, 3, 258.52, '2022-12-25 03:00:00'),
(4266, 2, 581.42, '2022-12-25 03:00:00'),
(4267, 1, 50.71, '2022-12-25 03:00:00'),
(4268, 4, 235.55, '2022-12-26 03:00:00'),
(4269, 3, 437.32, '2022-12-26 03:00:00'),
(4270, 2, 13.17, '2022-12-26 03:00:00'),
(4271, 1, 135.63, '2022-12-26 03:00:00'),
(4272, 4, 14.54, '2022-12-27 03:00:00'),
(4273, 3, 309.54, '2022-12-27 03:00:00'),
(4274, 2, 186.32, '2022-12-27 03:00:00'),
(4275, 1, 468.17, '2022-12-27 03:00:00'),
(4276, 4, 363.14, '2022-12-28 03:00:00'),
(4277, 3, 256, '2022-12-28 03:00:00'),
(4278, 2, 50.06, '2022-12-28 03:00:00'),
(4279, 1, 473.9, '2022-12-28 03:00:00'),
(4280, 4, 495.47, '2022-12-29 03:00:00'),
(4281, 3, 584.02, '2022-12-29 03:00:00'),
(4282, 2, 235.37, '2022-12-29 03:00:00'),
(4283, 1, 126.98, '2022-12-29 03:00:00'),
(4284, 4, 430.46, '2022-12-30 03:00:00'),
(4285, 3, 110.39, '2022-12-30 03:00:00'),
(4286, 2, 633.01, '2022-12-30 03:00:00'),
(4287, 1, 831.11, '2022-12-30 03:00:00'),
(4288, 4, 370.63, '2022-12-31 03:00:00'),
(4289, 3, 49.23, '2022-12-31 03:00:00'),
(4290, 2, 995.37, '2022-12-31 03:00:00'),
(4291, 1, 953.49, '2022-12-31 03:00:00');

-- --------------------------------------------------------

--
-- Table structure for table `actives_types`
--

CREATE TABLE `actives_types` (
  `id` int(11) NOT NULL,
  `title` varchar(255) NOT NULL,
  `created_at` timestamp NOT NULL DEFAULT current_timestamp(),
  `updated_at` timestamp NULL DEFAULT NULL ON UPDATE current_timestamp()
) ENGINE=InnoDB DEFAULT CHARSET=utf8;

--
-- Dumping data for table `actives_types`
--

INSERT INTO `actives_types` (`id`, `title`, `created_at`, `updated_at`) VALUES
(1, 'Ação', '2022-08-07 12:23:32', '2022-08-07 12:31:10'),
(2, 'BDR', '2022-08-07 12:23:32', NULL),
(3, 'ETF', '2022-08-07 12:23:32', '2022-08-07 12:31:10'),
(4, 'Fundo Imobiliário', '2022-08-07 12:31:10', NULL);

-- --------------------------------------------------------

--
-- Table structure for table `functionalities`
--

CREATE TABLE `functionalities` (
  `id` int(11) NOT NULL,
  `title` varchar(255) NOT NULL,
  `icon` varchar(255) NOT NULL,
  `position` int(11) NOT NULL,
  `slug` varchar(255) NOT NULL
) ENGINE=InnoDB DEFAULT CHARSET=utf8;

--
-- Dumping data for table `functionalities`
--

INSERT INTO `functionalities` (`id`, `title`, `icon`, `position`, `slug`) VALUES
(1, 'Home', '', 1, 'home'),
(2, 'Ativos', '', 2, 'actives'),
(3, 'Tipos', '', 3, 'activesTypes'),
(4, 'Cotações', '', 4, 'activesPrices'),
(5, 'Carteira', '', 5, 'wallet');

-- --------------------------------------------------------

--
-- Table structure for table `permissions`
--

CREATE TABLE `permissions` (
  `id` int(11) NOT NULL,
  `role_id` int(11) NOT NULL,
  `functionality_id` int(11) NOT NULL,
  `can_create` tinyint(1) NOT NULL DEFAULT 1,
  `can_read` tinyint(1) NOT NULL DEFAULT 1,
  `can_update` tinyint(1) NOT NULL DEFAULT 1,
  `can_delete` tinyint(1) NOT NULL DEFAULT 1
) ENGINE=InnoDB DEFAULT CHARSET=utf8;

--
-- Dumping data for table `permissions`
--

INSERT INTO `permissions` (`id`, `role_id`, `functionality_id`, `can_create`, `can_read`, `can_update`, `can_delete`) VALUES
(1, 1, 1, 0, 0, 0, 0),
(2, 1, 2, 0, 0, 0, 0),
(3, 1, 3, 0, 0, 0, 0),
(4, 1, 4, 0, 0, 0, 0),
(5, 1, 5, 0, 1, 0, 0);

-- --------------------------------------------------------

--
-- Table structure for table `roles`
--

CREATE TABLE `roles` (
  `id` int(11) NOT NULL,
  `title` varchar(100) NOT NULL,
  `description` text DEFAULT NULL
) ENGINE=InnoDB DEFAULT CHARSET=utf8;

--
-- Dumping data for table `roles`
--

INSERT INTO `roles` (`id`, `title`, `description`) VALUES
(1, 'Geral', '');

-- --------------------------------------------------------

--
-- Table structure for table `transactions`
--

CREATE TABLE `transactions` (
  `id` int(11) NOT NULL,
  `user_id` int(11) NOT NULL,
  `active_id` int(11) NOT NULL,
  `quantity` int(11) NOT NULL,
  `amount` float NOT NULL,
  `created_at` timestamp NOT NULL DEFAULT current_timestamp()
) ENGINE=InnoDB DEFAULT CHARSET=utf8;

--
-- Dumping data for table `transactions`
--

INSERT INTO `transactions` (`id`, `user_id`, `active_id`, `quantity`, `amount`, `created_at`) VALUES
(3, 1, 3, 3, 70, '2022-08-06 18:59:53'),
(4, 1, 2, 5, 502.34, '2022-08-01 19:03:19'),
(5, 1, 2, 100, 10305, '2022-08-07 20:07:41'),
(6, 1, 1, 9, 543.33, '2022-08-07 20:16:45'),
(7, 1, 2, 4, 2404, '2022-08-07 20:31:16'),
(8, 1, 3, 15, 165, '2022-08-07 20:32:12');

-- --------------------------------------------------------

--
-- Table structure for table `users`
--

CREATE TABLE `users` (
  `id` int(11) NOT NULL,
  `role_id` int(11) DEFAULT NULL,
  `name` varchar(255) NOT NULL,
  `email` varchar(255) NOT NULL,
  `password` varchar(255) NOT NULL,
  `created_at` timestamp NOT NULL DEFAULT current_timestamp(),
  `updated_at` timestamp NULL DEFAULT NULL ON UPDATE current_timestamp()
) ENGINE=InnoDB DEFAULT CHARSET=utf8;

--
-- Dumping data for table `users`
--

INSERT INTO `users` (`id`, `role_id`, `name`, `email`, `password`, `created_at`, `updated_at`) VALUES
(1, 1, 'Wesley Lopes', 'wesley@gmail.com', '$2a$12$5Bj0yKipdMeqUG0jAfivEeY3wLhH63vBbiDRs0vQdcmPqb8UhUL/e', '2022-08-07 12:13:46', NULL);

-- --------------------------------------------------------

--
-- Table structure for table `_migrations`
--

CREATE TABLE `_migrations` (
  `version` bigint(20) NOT NULL
) ENGINE=InnoDB DEFAULT CHARSET=utf8;

--
-- Dumping data for table `_migrations`
--

INSERT INTO `_migrations` (`version`) VALUES
(8);

--
-- Indexes for dumped tables
--

--
-- Indexes for table `actives`
--
ALTER TABLE `actives`
  ADD PRIMARY KEY (`id`),
  ADD UNIQUE KEY `ticker` (`ticker`),
  ADD KEY `fk_actives_type_id` (`type_id`);

--
-- Indexes for table `actives_prices`
--
ALTER TABLE `actives_prices`
  ADD PRIMARY KEY (`id`),
  ADD KEY `fk_actives_prices_active_id` (`active_id`);

--
-- Indexes for table `actives_types`
--
ALTER TABLE `actives_types`
  ADD PRIMARY KEY (`id`);

--
-- Indexes for table `functionalities`
--
ALTER TABLE `functionalities`
  ADD PRIMARY KEY (`id`),
  ADD UNIQUE KEY `slug` (`slug`);

--
-- Indexes for table `permissions`
--
ALTER TABLE `permissions`
  ADD PRIMARY KEY (`id`),
  ADD KEY `fk_permissions_functionality_id` (`functionality_id`),
  ADD KEY `role_id_functionality_id` (`role_id`,`functionality_id`);

--
-- Indexes for table `roles`
--
ALTER TABLE `roles`
  ADD PRIMARY KEY (`id`);

--
-- Indexes for table `transactions`
--
ALTER TABLE `transactions`
  ADD PRIMARY KEY (`id`),
  ADD KEY `fk_transactions_user_id` (`user_id`),
  ADD KEY `fk_transactions_active_id` (`active_id`);

--
-- Indexes for table `users`
--
ALTER TABLE `users`
  ADD PRIMARY KEY (`id`),
  ADD UNIQUE KEY `email` (`email`),
  ADD KEY `fk_users_role_id` (`role_id`);

--
-- AUTO_INCREMENT for dumped tables
--

--
-- AUTO_INCREMENT for table `actives`
--
ALTER TABLE `actives`
  MODIFY `id` int(11) NOT NULL AUTO_INCREMENT, AUTO_INCREMENT=5;

--
-- AUTO_INCREMENT for table `actives_prices`
--
ALTER TABLE `actives_prices`
  MODIFY `id` int(11) NOT NULL AUTO_INCREMENT, AUTO_INCREMENT=4292;

--
-- AUTO_INCREMENT for table `actives_types`
--
ALTER TABLE `actives_types`
  MODIFY `id` int(11) NOT NULL AUTO_INCREMENT, AUTO_INCREMENT=5;

--
-- AUTO_INCREMENT for table `functionalities`
--
ALTER TABLE `functionalities`
  MODIFY `id` int(11) NOT NULL AUTO_INCREMENT, AUTO_INCREMENT=6;

--
-- AUTO_INCREMENT for table `permissions`
--
ALTER TABLE `permissions`
  MODIFY `id` int(11) NOT NULL AUTO_INCREMENT, AUTO_INCREMENT=6;

--
-- AUTO_INCREMENT for table `roles`
--
ALTER TABLE `roles`
  MODIFY `id` int(11) NOT NULL AUTO_INCREMENT, AUTO_INCREMENT=2;

--
-- AUTO_INCREMENT for table `transactions`
--
ALTER TABLE `transactions`
  MODIFY `id` int(11) NOT NULL AUTO_INCREMENT, AUTO_INCREMENT=9;

--
-- AUTO_INCREMENT for table `users`
--
ALTER TABLE `users`
  MODIFY `id` int(11) NOT NULL AUTO_INCREMENT, AUTO_INCREMENT=2;

--
-- Constraints for dumped tables
--

--
-- Constraints for table `actives`
--
ALTER TABLE `actives`
  ADD CONSTRAINT `fk_actives_type_id` FOREIGN KEY (`type_id`) REFERENCES `actives_types` (`id`) ON DELETE CASCADE ON UPDATE CASCADE;

--
-- Constraints for table `actives_prices`
--
ALTER TABLE `actives_prices`
  ADD CONSTRAINT `fk_actives_prices_active_id` FOREIGN KEY (`active_id`) REFERENCES `actives` (`id`) ON DELETE CASCADE ON UPDATE CASCADE;

--
-- Constraints for table `permissions`
--
ALTER TABLE `permissions`
  ADD CONSTRAINT `fk_permissions_functionality_id` FOREIGN KEY (`functionality_id`) REFERENCES `functionalities` (`id`) ON DELETE CASCADE ON UPDATE CASCADE,
  ADD CONSTRAINT `fk_permissions_role_id` FOREIGN KEY (`role_id`) REFERENCES `roles` (`id`) ON DELETE CASCADE ON UPDATE CASCADE;

--
-- Constraints for table `transactions`
--
ALTER TABLE `transactions`
  ADD CONSTRAINT `fk_transactions_active_id` FOREIGN KEY (`active_id`) REFERENCES `actives` (`id`) ON DELETE CASCADE ON UPDATE CASCADE,
  ADD CONSTRAINT `fk_transactions_user_id` FOREIGN KEY (`user_id`) REFERENCES `users` (`id`) ON DELETE CASCADE ON UPDATE CASCADE;

--
-- Constraints for table `users`
--
ALTER TABLE `users`
  ADD CONSTRAINT `fk_users_role_id` FOREIGN KEY (`role_id`) REFERENCES `roles` (`id`) ON DELETE CASCADE ON UPDATE CASCADE;
COMMIT;

/*!40101 SET CHARACTER_SET_CLIENT=@OLD_CHARACTER_SET_CLIENT */;
/*!40101 SET CHARACTER_SET_RESULTS=@OLD_CHARACTER_SET_RESULTS */;
/*!40101 SET COLLATION_CONNECTION=@OLD_COLLATION_CONNECTION */;
